text,label
"I was charged twice this month for my subscription, can you help me sort this out?",billing
I'm really confused about the billing cycle; I thought I paid for the entire year upfront.,billing
Can someone please explain the difference between the basic and premium plans? I thought I signed up for premium.,billing
"I am frustrated because I canceled my subscription last month, yet I still see a charge on my account.",billing
Why does my invoice show a different amount than what I expected? This is very confusing.,billing
"Thank you for your help, but I’m concerned about the recurring fees. Can you clarify what they entail?",billing
"My invoice is overdue, yet I haven’t received any notifications. Can you look into this?",billing
I don’t remember agreeing to an annual contract; I need assistance with this billing issue.,billing
"I am having trouble accessing my billing history on the website, could someone assist me?",billing
"I thought I had canceled my subscription, but I see a charge. I’d appreciate a quick resolution.",billing
Can you please send me a breakdown of my last invoice? I need to understand these charges better.,billing
The billing process is really confusing; I would love some clarification on my account status.,billing
I am disappointed to see that my payment didn’t go through. What can I do to fix this?,billing
My colleague received a discount that I didn’t; I would like to know if I qualify for any promotions.,billing
I’m confused about how the usage fees are calculated. Can someone provide more details?,billing
"I’m grateful for your assistance, but I need to dispute a charge that doesn't match my records.",billing
"Yesterday, I tried to update my payment method, but it didn’t go through. I need help.",billing
I don’t understand why my plan was upgraded without my consent; I need this fixed immediately.,billing
Can someone explain why my billing statement includes charges from a previous account?,billing
"I appreciate your support, but I need to understand why I haven’t received my refund yet.",billing
Why isn’t my discount being applied to my recent invoice? This is quite frustrating.,billing
I would like to know when I will receive a receipt for my last payment. Thank you!,billing
I keep getting charged for services I don’t use. Is there a way to adjust my plan?,billing
I’m very confused about the taxes applied to my subscription; can someone help clarify?,billing
I need help with my billing details; I’m not sure why my account is showing an error.,billing
"Why was my payment method declined? This has never happened before, and it’s frustrating.",billing
I mistakenly clicked on a subscription I didn’t want; can you please assist me in canceling it?,billing
"I need a copy of my past invoices for record-keeping, can you send those to me?",billing
Is there a way to contact billing without waiting on hold? I have a few questions.,billing
I was charged for a service I didn’t use last month. Can someone look into this?,billing
"I appreciate your help, but I’m still not clear on how to access my billing information online.",billing
Can someone explain how to cancel my subscription? I want to avoid any unexpected charges.,billing
I’m frustrated with the inconsistencies in my billing statements. Could someone clarify this?,billing
I accidentally purchased the wrong plan. How can I fix this billing mistake?,billing
"I received an email stating my payment was successful, but my account shows it as unpaid.",billing
I have a question about the pricing tiers; could you provide more clarity on that?,billing
Why has my credit card been charged more than once in a single billing cycle?,billing
I would like to dispute a charge that I believe is incorrect. What is the process for that?,billing
Can someone please explain why my renewal date changed without notice? I’m quite upset about this.,billing
"I need to update my billing information, but the website isn’t allowing me to do so.",billing
"I’m grateful for the service, but I need to understand the late fees that were applied to my account.",billing
Could you assist me in applying a discount that was promised during my sign-up?,billing
I received a charge for a premium feature I didn’t request. This is quite frustrating.,billing
Can you help me clarify whether my subscription includes all features? I feel lost.,billing
I accidentally selected an annual plan instead of a monthly one. Can this be corrected?,billing
I’m confused about the additional charges on my bill; can someone provide a breakdown?,billing
Can someone explain the late payment policy? I want to avoid any additional fees in the future.,billing
Why does my account show two active subscriptions? I only intended to sign up for one.,billing
"I tried to reach out for help, but the response time has been longer than I expected.",billing
"I received a notification about a payment failure, but I don’t see any issues on my end.",billing
I’m unhappy that my promotional rate expired without any notice; can you help?,billing
I need assistance with updating my billing address; the current one is incorrect.,billing
I would like to understand why my charges increased this month without explanation.,billing
I’m quite upset about the additional charges I see; can you help me understand them?,billing
Why is there a discrepancy between my payment history and what’s shown in my account?,billing
I’m confused about how to manage my subscription settings; can you provide some guidance?,billing
Why do I keep receiving reminders for payment when I’ve already paid? This is very frustrating.,billing
"My account shows that I owe money, but I thought I had settled all bills. Can you verify?",billing
I’m confused about the account upgrade process; can someone explain it to me?,billing
Why was my payment processed late? I want to avoid any penalties in the future.,billing
Why did my credit card decline the latest payment? I don’t understand what went wrong.,billing
I keep getting charged for an add-on I didn’t sign up for. Can this be resolved quickly?,billing
There was a promotion I saw recently; can I still apply it to my account?,billing
Can someone assist me in understanding the new billing interface? It’s very different.,billing
I’m really confused about my billing cycle; it seems to have changed unexpectedly.,billing
I need to understand the cancellation policy better to avoid future issues.,billing
Why is my balance showing so much higher than it was last month? I need clarification.,billing
"I appreciate your prompt response, but I still have questions regarding my payment history.",billing
I would like to know how to switch my subscription tier without missing a billing cycle.,billing
Can I get a confirmation when the refund is processed? I’m a bit anxious about it.,billing
My account is locked due to billing issues; how can I resolve this?,billing
I would like help understanding the billing for additional users on my account.,billing
Why was I charged for a service I canceled? This isn’t acceptable and needs to be fixed.,billing
Can you send me a reminder about my upcoming payment? I don’t want to miss it.,billing
"I thought my subscription included certain features, but I’m being charged extra. Can you explain?",billing
I’m worried about upcoming charges; could you provide the billing schedule?,billing
I would like to review my billing statements from the last year; how can I access those?,billing
Can someone clarify why I received a late fee when my payment was made on time?,billing
"I keep checking for my refund, but there’s been no update. Can someone assist?",billing
I’m frustrated that I can’t easily find billing information on your website.,billing
I want to dispute a charge I believe is incorrect. Can you guide me through the process?,billing
"I thought I scheduled my payment, but I see my account is showing a balance due.",billing
I need help understanding why my subscription was changed without notifying me first.,billing
Can you clarify how sales taxes are applied to my account? This has been confusing.,billing
I’m quite unhappy that I can’t find information on my billing history; can someone help?,billing
I accidentally selected the wrong payment method; how can I correct this?,billing
I have a billing question regarding my last invoice; can I get someone to help me?,billing
I would like a detailed explanation of the charges that appeared on my last bill.,billing
I’m confused about the difference between my regular payment and the one I received last month.,billing
My payment processing delay has been frustrating; can you expedite this for me?,billing
I’m concerned about my account status; can you provide an update on my billing?,billing
I would appreciate any information on how to prevent unexpected charges in the future.,billing
My account is showing overdue even though I paid on time; can this be rectified?,billing
I need to verify my payment was received; how can I confirm this?,billing
I’m unhappy with the lack of communication regarding my billing issues; can you improve this?,billing
Can you clarify the customer support hours for billing inquiries? I need to reach out.,billing
I keep receiving notifications for a charge that I already disputed; this is frustrating.,billing
Can someone explain why my payment didn’t go through? I’ve checked everything on my end.,billing
I’m confused about the terms of my subscription; can you clarify the cancellation policy?,billing
"I need to change my payment method, but the system keeps throwing errors. Can you help?",billing
I would like to understand the additional costs associated with my plan; can someone assist?,billing
Why did my subscription renewal fail? I need to ensure my account remains active.,billing
I’m frustrated with the frequent errors I encounter on the billing page of your site.,billing
I need a copy of my payment receipt for tax purposes; can this be sent to me?,billing
I would appreciate a call to discuss my account’s billing issues directly.,billing
Can you clarify if there are any penalties for switching plans mid-cycle?,billing
I’m upset that I have to wait so long for a resolution to my billing inquiry. Can you expedite?,billing
I've been trying to reset my password for hours but the email never arrives. This is very frustrating!,technical_issue
Can you explain how to integrate the new feature? I’m not quite sure how it works.,technical_issue
The software keeps crashing when I try to upload files. This is unacceptable and needs fixing ASAP.,technical_issue
I’m confused about the billing process. Why was I charged twice this month?,technical_issue
I need help with the API documentation; it seems like some parts are missing.,technical_issue
My team and I are unable to access the shared workspace; we keep getting an error message.,technical_issue
I would appreciate it if you could help me understand how to use the reporting tool more effectively.,technical_issue
"The app won’t open on my computer, and I’ve checked for updates. What should I do?",technical_issue
I can't find how to delete my account. Can you guide me through this process?,technical_issue
"The system is running very slowly, and it’s affecting my productivity. Can you look into this?",technical_issue
The notifications are not working correctly. I’m missing important updates!,technical_issue
Can you please clarify how the subscription renewal works? I'm a bit lost.,technical_issue
"I keep getting logged out unexpectedly, which is super annoying.",technical_issue
I really need assistance with the two-factor authentication setup; it’s not working as expected.,technical_issue
I’m not sure why my reports are generating errors. Can you help troubleshoot this?,technical_issue
"The chat feature isn't responding, and I’m trying to get help with an urgent issue.",technical_issue
The search function isn’t yielding results as it used to. Can this be fixed?,technical_issue
I’m having difficulty exporting my data; the file keeps getting corrupted.,technical_issue
The screen keeps freezing while I’m trying to edit my project. This is really frustrating!,technical_issue
Could you guide me on how to set up automated reminders? I’m not sure where to start.,technical_issue
I’ve noticed strange behavior in the app. It doesn’t seem to be saving my changes.,technical_issue
I’m quite puzzled about the new features added in the last update. Can you provide a brief overview?,technical_issue
"The app crashed during an important meeting, and I lost access to my notes. This is upsetting!",technical_issue
I cannot access certain functionalities that were available last week. What happened?,technical_issue
I was expecting a response to my previous inquiry. Is there a delay on your end?,technical_issue
The installation process was confusing. Can you provide clearer instructions?,technical_issue
I am feeling overwhelmed with all the new updates. Can you help me navigate through them?,technical_issue
The notification settings don’t seem to save my preferences. It's quite aggravating!,technical_issue
I’m having issues with the payment gateway; it keeps rejecting my transactions.,technical_issue
Could you please check if my account is on the correct plan? I think I’m being overcharged.,technical_issue
I’m really confused about the usage limits of my plan. Can you clarify this for me?,technical_issue
The mobile app crashes every time I try to log in. This is very disappointing!,technical_issue
"My account was temporarily suspended, and I don’t understand why. Can you help?",technical_issue
The software keeps freezing during updates. This has happened multiple times now.,technical_issue
I'm frustrated that I can’t seem to get a direct answer about my issue.,technical_issue
I need help with configuring email notifications; they aren't coming through correctly.,technical_issue
I’m really confused about how to link my social accounts to my profile. Can you assist?,technical_issue
I’m very disappointed because the software is not performing as promised.,technical_issue
Can you help me understand the difference between the plans? I'm considering an upgrade.,technical_issue
"I need to cancel my subscription, but I can't find the option on the site.",technical_issue
I've tried to reach support multiple times with no response. This is quite frustrating!,technical_issue
The app keeps crashing on my iPad. Is there a known issue with this device?,technical_issue
I don't understand the new user interface. It seems more complicated than before.,technical_issue
The file sharing feature is not working as expected; I keep getting error messages.,technical_issue
Could you assist me with the configuration? I can't seem to get it right.,technical_issue
I feel like I'm not getting enough support for my questions. Can I escalate this?,technical_issue
Is there an estimated time for the bug fix? It’s causing a lot of downtime.,technical_issue
I’m not sure how to access the training materials. Could you point me in the right direction?,technical_issue
The integrations I need are not functioning properly. What is the solution?,technical_issue
I would like to know if there’s a way to track my support tickets. I feel lost in the process.,technical_issue
Why did my data disappear after the last update? This is very concerning!,technical_issue
I’ve been waiting for a response to my ticket for too long. Can someone check on this?,technical_issue
Can you help me understand the analytics dashboard? It’s quite overwhelming.,technical_issue
I’m having issues with the software updates not installing automatically.,technical_issue
I’m frustrated with the limitations of the free trial; I didn’t expect it to be so restrictive.,technical_issue
Can you provide information about your security measures? I have some concerns.,technical_issue
I can’t seem to find the option to upgrade my plan. Where should I be looking?,technical_issue
"The application is not syncing with my calendar, and I rely on this function.",technical_issue
I feel confused by the changes made to the user interface. Where did the help section go?,technical_issue
My access to the admin panel is restricted. Can you check if there’s a problem?,technical_issue
I would like clarification on the terms of service; some points are unclear.,technical_issue
"The software is lagging during peak hours, which is affecting my work.",technical_issue
Is there a way to recover my account if I’ve forgotten my login details?,technical_issue
"I was hoping to see a live demo of the new features, but I haven’t heard back.",technical_issue
I can’t find any documentation on the new features added in the last update.,technical_issue
I’m confused about how to activate my trial period. Can you provide assistance?,technical_issue
I’m disappointed that the bug I reported still hasn’t been fixed after weeks.,technical_issue
The software doesn’t work well on my mobile device; it keeps crashing.,technical_issue
"I would like to integrate my project management tool, but I can’t figure it out.",technical_issue
The email notifications I set up are not working. Can someone look into this?,technical_issue
"I feel stuck with the new feature, and I can’t find the help I need.",technical_issue
I would like to know if there’s a way to customize my dashboard more.,technical_issue
"The app frequently logs me out, and it’s very annoying. Can this be fixed?",technical_issue
I’m confused about how to transfer my data from the old system to the new one.,technical_issue
I’m very frustrated with the lack of support for my technical issues.,technical_issue
Can you help me restore my account after it was mistakenly disabled?,technical_issue
I’m having difficulty using the new feature. Can someone walk me through it?,technical_issue
I would really appreciate an update on when the next patch will be released.,technical_issue
I’m struggling to understand the user roles in the application; can you clarify?,technical_issue
The recent changes seem to have broken some of my workflows. What can I do?,technical_issue
I need assistance with setting up notifications for my team; it's not working properly.,technical_issue
Can someone explain how to manage user permissions? I’m confused about the options.,technical_issue
"I’ve tried everything to troubleshoot the app, but it keeps crashing. I need urgent help!",technical_issue
I’m looking for help with the report generation feature; it doesn’t seem to be working.,technical_issue
Can you provide tips for optimizing the software for better performance?,technical_issue
I feel frustrated with the lack of communication regarding my support request.,technical_issue
I’m having trouble understanding how to share files securely. Can you explain?,technical_issue
I’ve noticed that the app doesn’t support my preferred file formats anymore. What happened?,technical_issue
Can you assist me in troubleshooting my connectivity issues? It's impacting my work.,technical_issue
I am not sure why my invoice is higher than expected. Can you clarify the charges?,technical_issue
"The new update caused my settings to revert, and I have to redo everything.",technical_issue
I’m having issues with the chat support; it’s not responding to my messages.,technical_issue
Can you help me with the setup process? It’s quite confusing for me.,technical_issue
"I need to change my subscription plan, but I’m not sure how to do it.",technical_issue
I’m feeling overwhelmed with the new features. Could you help me prioritize what to learn first?,technical_issue
My app keeps crashing every time I try to log out. This is incredibly annoying!,technical_issue
Why can’t I find the support resources I need? It’s very frustrating!,technical_issue
I need guidance on how to better utilize the software for my business needs.,technical_issue
Can you please tell me how to update my payment information? I can’t find the option.,technical_issue
I’ve been trying to contact support for days and haven’t received any help.,technical_issue
My trial period expired without any warning; can I extend it?,technical_issue
I’m confused about the differences between your plans. Can someone clarify?,technical_issue
"The app is running slow today, which is unusual. Is there a known outage?",technical_issue
I’ve tried resetting my password but keep getting an error. What should I do?,technical_issue
I don’t understand how to add integrations; can someone assist me with this?,technical_issue
Can someone explain the recent changes to the user interface? It’s very different now.,technical_issue
I need help with the onboarding process; it wasn’t as smooth as I expected.,technical_issue
I’m experiencing issues with my data not syncing across devices. What’s happening?,technical_issue
Can you assist me with understanding the billing cycle? I’m a bit lost.,technical_issue
Why is my account suspended? I haven't received any communication about it.,technical_issue
I’m having trouble finding the API documentation. Can you point me in the right direction?,technical_issue
Could you help me troubleshoot my logging issues? I can’t access my account.,technical_issue
I need support with the installation process; it’s not going smoothly.,technical_issue
The software isn’t providing the reports I need. Can you help me generate them?,technical_issue
I’m getting error messages when trying to upload my files. Can you help with this?,technical_issue
"I need to change my email address associated with my account, but I can’t find how to do this.",technical_issue
I’m feeling frustrated that my ticket hasn’t been answered yet. Can you provide an update?,technical_issue
Can you clarify how to set up the new feature? It’s not intuitive for me.,technical_issue
I’m having issues accessing my account from multiple devices.,technical_issue
I don’t understand the new billing structure; can someone explain it to me?,technical_issue
Why is my software not updating automatically? This is causing delays in my work.,technical_issue
I’ve had a bad experience with the support response time; can someone address this?,technical_issue
I’m having trouble with the document sharing feature; it doesn’t seem to work.,technical_issue
Can you guide me on how to use the new features effectively? I feel lost.,technical_issue
I’m not sure why my subscription was canceled without notice. Can someone explain?,technical_issue
I need help understanding the privacy settings; they seem complicated.,technical_issue
"The software isn't importing my data correctly, and I need urgent assistance with this.",technical_issue
I’m confused about how to access my archived files. Can you help?,technical_issue
Could you provide tips on troubleshooting common issues with the software?,technical_issue
I’m frustrated with the lack of updates on my reported bug. Can someone check?,technical_issue
"I can’t seem to find support when I need it, which is affecting my work.",technical_issue
I need assistance with the user permissions; it seems like I don’t have access to everything.,technical_issue
I’m feeling overwhelmed with the new features and changes; can someone help me prioritize?,technical_issue
I'm disappointed that my previous support ticket was closed without resolution.,technical_issue
I’m really frustrated that your software doesn’t have a dark mode; it’s hard on my eyes during late-night work sessions.,feature_request
Could you please consider adding an API integration with our CRM? It would streamline our workflow significantly.,feature_request
I’m a bit confused about how to export reports. A feature that allows for one-click exports would be incredibly helpful!,feature_request
It would be awesome if we could tag our projects with colors to differentiate them visually in the project list.,feature_request
I sincerely hope you can add a bulk editing feature for tasks; it would save us so much time!,feature_request
Can you please implement a way to share project timelines with clients? It would enhance our communication with them.,feature_request
It would be great if you could allow users to create sub-tasks within tasks. Sometimes we need to break things down further!,feature_request
It would be helpful to have more customizable notification settings to avoid being overwhelmed with alerts.,feature_request
"I really appreciate your product, but it would be even better if we could have multiple user roles with different permissions.",feature_request
Is there any chance you could add a chat feature for real-time collaboration? It would greatly enhance our team interactions.,feature_request
I’m quite confused about the billing cycle. A more transparent billing overview would alleviate a lot of my concerns.,feature_request
It would be nice if you could include a calendar view for tasks. I think that visualization would help with planning.,feature_request
I'm really frustrated that I can't find a way to customize email notifications. It would be perfect to only receive what I want!,feature_request
I believe a template feature for repeatable tasks would save us a ton of time. Please consider this!,feature_request
It would be wonderful to have a feedback system within the app for our clients to share their thoughts directly.,feature_request
"I'm not sure if I missed something, but the lack of a two-factor authentication option makes me uneasy.",feature_request
I would appreciate a feature that allows users to add notes directly to tasks. It would enhance context for everyone.,feature_request
It would be fantastic if you could allow more than just a few file types to be uploaded. We often work with uncommon formats.,feature_request
I really think it would be beneficial to have more pre-defined reports for common metrics. It would make analysis quicker.,feature_request
I'm a bit frustrated with the search functionality; it doesn't always yield relevant results. An improvement there would be great.,feature_request
I would love to see an option for recurring tasks. It would help us manage our regular duties more efficiently.,feature_request
It would be great if you could implement a timeline feature for project milestones. That would really help visualize progress!,feature_request
I’m confused about the user limits; could you clarify that in the subscription details? It would help avoid any misunderstandings.,feature_request
Could you please add the ability to integrate with Slack for notifications? It would centralize our communication.,feature_request
I would appreciate it if you could add more templates for different types of projects. That would save us a lot of time!,feature_request
I think a feature that allows users to create custom workflows would be incredibly beneficial for our team’s productivity.,feature_request
Could you clarify how to utilize the integrations? A dedicated guide or FAQ would be very helpful!,feature_request
I believe adding a time tracking feature would be crucial for us. It would help us monitor our productivity better.,feature_request
It would be great to have customer feedback functionality built into our projects. That would make it easier to iterate.,feature_request
I really hope you can add a feature to archive completed tasks. It would keep our interface clean and manageable.,feature_request
Having more filter options for tasks would make it easier to find what we need quickly. Please consider this!,feature_request
"I’m a bit confused about the current feature set, and a comprehensive list with descriptions would be really helpful.",feature_request
Please implement a feature that allows for user tagging; it would improve collaboration within teams.,feature_request
"I think a mobile app would greatly increase our productivity, especially when we are out of the office.",feature_request
It would be fantastic if you could add a customizable email signature for notifications sent from the platform.,feature_request
I’m really disappointed that there is no offline mode. Sometimes we need to work without an internet connection.,feature_request
Could you please add an option for client accounts to view project progress? It would enhance transparency.,feature_request
A better onboarding tutorial would really help new users get started. I struggled a bit when I first signed up.,feature_request
I’m quite frustrated with the speed of the application; any optimization would be appreciated.,feature_request
It would be awesome if you could create a feature to duplicate projects or tasks for similar future use.,feature_request
I believe implementing an analytics dashboard would offer great insights into our usage patterns.,feature_request
Can you consider adding a notification for when team members update their tasks? It would keep everyone informed.,feature_request
I would really appreciate a feature to integrate with Google Drive for document management. That would streamline our process.,feature_request
Having a clear way to categorize projects by client could be very beneficial. Please consider this feature!,feature_request
Could you add a feature that allows users to comment on specific parts of documents? It would improve feedback loops.,feature_request
It would be great to have a public-facing project status page for clients. Transparency could enhance our relationships.,feature_request
I'm a bit confused about the different subscription tiers. Clear comparisons would help us choose the best option.,feature_request
I’m quite frustrated at how complicated it is to set up notifications. A simpler process would be much appreciated.,feature_request
Could you enable a way to bulk archive or delete tasks? It would make project management more efficient.,feature_request
I would love to see a feature that lets us create checklists within tasks. It would improve clarity for our team.,feature_request
It would be great to integrate our calendar with the app for better scheduling of project deadlines.,feature_request
I’m really confused about how to customize user permissions; clearer documentation would help a lot.,feature_request
Having a more comprehensive search option would really improve the usability of your tool. It’s currently a bit lacking.,feature_request
Would it be possible to add a video tutorial section? It would really help new users understand the platform better.,feature_request
I think adding the ability to set project budgets and track expenses would be incredibly valuable for us.,feature_request
Could you implement a feedback option for feature requests directly within the app? We have many ideas to share!,feature_request
I feel a bit overwhelmed with the current notification settings; more customization options would greatly help.,feature_request
Can you please add a feature that allows for project dependencies? It would aid in planning and execution.,feature_request
I wish there was a way to create custom fields for tasks; it would allow for better categorization based on our needs.,feature_request
It would be beneficial to have a direct integration with our email service for improved communication.,feature_request
I’m quite frustrated with the lack of templates for reports; having pre-defined formats would save us time.,feature_request
Could you please implement an option to set reminders for specific tasks? It would help me stay organized.,feature_request
Having an option for guest access on our projects would foster better collaboration with clients.,feature_request
It would be great to have a checklist feature for meetings to keep track of discussion points and follow-ups.,feature_request
I’m confused about the data retention policy; clearer information would help alleviate my concerns.,feature_request
I would really love an option for customizing the user interface; personal touches would make the experience more enjoyable!,feature_request
I’m quite disappointed that there’s no option for a trial period; it would help potential customers test the product.,feature_request
I would appreciate if you could add a quick-access menu for our most used features; it would save time navigating.,feature_request
I’m really hoping for an improvement in customer support response times; it sometimes feels slow.,feature_request
Could you please integrate our existing tools? Having everything in one place would greatly simplify our workflow.,feature_request
It would be fantastic to have a public API for our developers to work with. It could enhance the product's flexibility.,feature_request
I feel lost using the current reporting features; a more user-friendly design would be greatly appreciated.,feature_request
I think adding a feature to track project timelines visually would significantly improve our planning processes.,feature_request
Can you add an option for customizing the email templates we send out? It would make our communications feel more personal.,feature_request
Please consider implementing a resource management tool; it could help us allocate our staff more effectively.,feature_request
Could you provide a way to archive old projects? It would help keep the workspace organized.,feature_request
"It would be nice to have a built-in timer for tasks, helping us track how long we spend on each.",feature_request
I’m confused about the difference between the standard and premium plans; a comparison chart would be helpful.,feature_request
I would really love a feature that allows for collaboration on documents in real time. It would enhance teamwork significantly.,feature_request
Is it possible to have a system for tagging tasks with priorities? It would improve our workflow immensely.,feature_request
I’m frustrated that there’s no easy way to migrate existing data from our old system. A smoother transition would be appreciated.,feature_request
It would be great to see an analytics feature that provides insights into user engagement and activity.,feature_request
Can you implement a feature for offline access? It would help when internet connectivity is an issue.,feature_request
I think a visual project roadmap would be incredibly beneficial for planning and tracking milestones.,feature_request
It would be helpful to have a direct integration with our marketing automation tool for better alignment.,feature_request
I’m quite confused about how to set up recurring invoices; a step-by-step guide would be helpful.,feature_request
Could you provide a feature to manage client feedback effectively? It would enhance our responsiveness to their needs.,feature_request
It would be great to have a dashboard that summarizes key metrics at a glance; it would aid in decision-making.,feature_request
I really wish there were more options for automated workflows; they would reduce repetitive tasks.,feature_request
Can you add a quick-reference guide for shortcuts within the app? It would make navigation much easier.,feature_request
It would be wonderful if we could integrate with our accounting software to streamline financial tracking.,feature_request
I’m confused about your pricing model; a detailed breakdown of costs would help clarify things.,feature_request
Please consider adding a feature that allows for file version control. It would greatly enhance our document management.,feature_request
I would appreciate a way to provide detailed feedback on the features I use. It could help improve the product further.,feature_request
I'm really hoping for a feature to customize the user interface layout. A more personal touch would enhance user experience.,feature_request
It would be beneficial to have a summary report generated automatically at the end of each project.,feature_request
I’m quite frustrated that there’s no way to easily generate invoices from the platform. That would simplify things for us!,feature_request
Please consider adding the option to record meeting notes within the app. It would help keep everything in one place.,feature_request
I have a complaint regarding the billing cycle; I was charged twice this month without any prior notice.,complaint
I'm quite confused about the new interface; it seems harder to navigate than the previous version.,complaint
Could you please assist me? I am having issues with the reporting feature that does not seem to generate any data.,complaint
I want to voice my concern about the sudden downtime we experienced last week; it significantly impacted our workflow.,complaint
The customer service response time has been unacceptable; I've been waiting for over a week for a reply.,complaint
"I appreciate your efforts, but I am disappointed that my last ticket was closed without resolution.",complaint
I’m really unhappy with the new pricing structure; it feels like a huge leap compared to what we were paying before.,complaint
"I’m not sure how to use the new features you added, and I'm feeling quite lost; can someone provide guidance?",complaint
I would like to report an issue with my account access; I keep getting an error message when I try to log in.,complaint
Can you please clarify why my subscription was downgraded without my consent? This has caused significant inconvenience.,complaint
I feel frustrated that the feature I was promised during the sales pitch is still not available.,complaint
"Thank you for your support, but I think there’s a misunderstanding regarding my account charges.",complaint
I am very unhappy with the lack of updates on my previous complaint; it feels like I’ve been ignored.,complaint
Could you please explain why the system was down during peak hours last Friday? This really affected our business.,complaint
I’m confused about how to access the new dashboard; the instructions provided were not clear at all.,complaint
I would like to complain about the lack of available support; I’ve tried to reach out multiple times.,complaint
It’s a bit frustrating that the software keeps crashing when I try to use the new feature.,complaint
I need clarification on the limits of my plan; I was surprised to find that I exceeded my usage without warning.,complaint
"I’m getting very frustrated because I still haven’t received my refund, despite following up several times.",complaint
"Can you please help me? I’m unable to find the documentation for the new tool, and it’s urgent for my project.",complaint
I’ve noticed that the application is significantly slower since the last update; it’s affecting my productivity.,complaint
I am politely requesting an explanation for why my account was suspended without notification.,complaint
I’m really struggling to understand the new payment model you implemented; it feels overly complicated.,complaint
My reports keep coming back with errors; can someone please look into this? It’s really affecting my work.,complaint
I feel very let down by the lack of communication regarding the server issues we’ve been facing.,complaint
Could you please look into my account? I believe I’ve been incorrectly billed for two months now.,complaint
I’m quite confused about how to set up the new feature; the tutorials don’t seem to help.,complaint
"I wanted to bring up an issue with the API; it’s not functioning as expected, and it’s crucial for our integration.",complaint
I’m really frustrated that I can’t seem to get any answers from support; it’s been days since I reached out.,complaint
Could you please expedite my ticket? I’ve been waiting for a resolution for a long time now.,complaint
I want to complain about the poor quality of service; I expected much better from your company.,complaint
I’m confused about the recent changes to my account settings; they do not match what I selected.,complaint
I’m feeling a bit anxious about the ongoing technical issues; it’s hindering my team’s progress.,complaint
I need immediate assistance with the account lockout issue; this is impacting our operations.,complaint
"Thank you for your assistance; however, I’m still not satisfied with how my issue was handled.",complaint
I am writing to express my dissatisfaction with your latest update; it introduced more problems than solutions.,complaint
Could someone please clarify how to access the archived files? The instructions were unclear.,complaint
My subscription has not been activated as promised; this is very inconvenient for my team.,complaint
I’m really frustrated that the application is still crashing after the last fix; can I get an update?,complaint
"I appreciate your help, but I’m still facing issues with the user permissions; they don’t seem to be set correctly.",complaint
Could you look into why I received an incomplete invoice this month? This is not what I expected.,complaint
I feel like the service level has dropped since the new management took over; I hope this changes soon.,complaint
I’d like to express my disappointment regarding the lack of proactive communication during the downtime.,complaint
Can someone please assist me with the new feature? I’m feeling a bit overwhelmed with the changes.,complaint
I have been charged for a service I never signed up for; I would like this rectified immediately.,complaint
I’m quite frustrated that the chat support is often unavailable; it’s making it hard to get help when I need it.,complaint
I need clarification on my billing; I was promised a different rate when I signed up.,complaint
I’m writing to express my concern regarding the security issues; I expected better from your service.,complaint
Can someone help me understand why my access was restricted? I haven’t violated any terms.,complaint
I’m feeling confused about the new user interface; it’s not as intuitive as the previous version.,complaint
Can you please investigate why my data is not syncing properly? This is causing workflow disruptions.,complaint
I would like to complain about the lack of training materials; it’s challenging to use your software effectively.,complaint
I’m quite unhappy with the support I’ve received; I expected faster resolution times.,complaint
Could you provide an update on my request for a refund? I’m still waiting for a resolution.,complaint
I’m frustrated that the new feature I was promised has not been released yet; I was counting on it.,complaint
Please explain why my account was downgraded without my knowledge; this has caught me off guard.,complaint
"Thank you for your prior assistance; however, I’m still experiencing problems with the integration process.",complaint
Can you clarify why I received an error when trying to access the dashboard? This is quite inconvenient.,complaint
I’m really upset that my last complaint was closed without a proper solution; I need this addressed urgently.,complaint
I’d like to report a bug in the system; it’s causing my workflow to come to a halt.,complaint
I need help understanding the changes in my user permissions; it’s causing confusion within my team.,complaint
I’m unhappy with the performance of the application; it’s slower than promised during the sales presentation.,complaint
Can you help me? I’m having trouble navigating the new interface; it’s not user-friendly.,complaint
I feel frustrated with the lack of timely support; it’s becoming a recurring issue for us.,complaint
Could someone please follow up on my ticket? I haven’t received any updates in quite some time.,complaint
I’m quite confused about the new features rolled out; the documentation doesn’t match what I see.,complaint
"I was promised a certain level of service, and I’m not seeing that reflected in my recent experiences.",complaint
I need assistance with a billing issue; I was charged for an extra user I didn’t add.,complaint
I want to express my concern about the recent outages; they have been frequent and disruptive for our team.,complaint
I’m frustrated that there’s no clear way to get urgent help during off-hours; this is a major drawback.,complaint
Can you please clarify the changes to the terms of service? I’m quite confused about what is now allowed.,complaint
I’m feeling let down by the lack of feature requests being addressed; we’ve been waiting for months.,complaint
I need a resolution for the login issues; this is affecting my ability to do my work effectively.,complaint
I’d like to bring up a complaint regarding the misleading advertising; it did not match my actual experience.,complaint
Could you provide an explanation for the discrepancies in my last invoice? This is quite concerning.,complaint
I would appreciate better communication regarding system maintenance; it’s often unexpected and disruptive.,complaint
I’m feeling quite frustrated with the performance of the software; it does not meet our needs as promised.,complaint
Could you please look into why I was charged extra this month? This was unexpected and unwelcome.,complaint
I’m struggling to navigate the new features; I need more comprehensive guides or training.,complaint
"I want to complain about the recent downtime; it was not communicated adequately, and it impacted our operations.",complaint
I am writing to express my disappointment with the support I’ve received; it’s been subpar.,complaint
I would like to request urgent assistance with a major issue affecting my account access.,complaint
I’m feeling quite confused about the new changes; I need a detailed explanation to understand better.,complaint
I’d like to report a missing feature that was promised during the onboarding process; this is disappointing.,complaint
Can you please clarify the reason for the recent changes to my account settings? It’s very confusing.,complaint
I’m frustrated with how long it’s taking to resolve my ticket; it has been open for over a week now.,complaint
I’m unhappy with the lack of proactive communication about the system issues; it’s led to unnecessary confusion.,complaint
I’d like to provide feedback on the new software version; it feels less user-friendly than before.,complaint
Could you assist me in retrieving my archived files? I’m unable to access them as needed.,complaint
I’m feeling quite lost with the new changes; I need clearer documentation or support.,complaint
Can someone explain the sudden changes to my billing? This was unexpected and has caused some issues.,complaint
I’d like to express my frustration regarding the lack of timely updates on my ticket status.,complaint
I need clarification on the restrictions placed on my account; they were not communicated effectively.,complaint
I’m feeling quite confused about how to utilize the new features; I need detailed guidance.,complaint
I’m disappointed with the lack of responsiveness from customer support; I expected better service.,complaint
Can you please check into why my account has been deactivated? This has caused significant disruption.,complaint
I need urgent help with a feature that isn’t working as intended; it’s affecting my business operations.,complaint
I’m frustrated with the slow response times; it’s making it difficult to get the help I need when I need it.,complaint
I’d like to request a review of my recent support experience; it did not meet my expectations.,complaint
I’m feeling quite disappointed that my feedback hasn’t been acted upon; it’s disheartening as a customer.,complaint
I am writing to seek clarification regarding the discrepancies in my billing; it’s concerning.,complaint
I’m quite upset that my last issue was not resolved adequately; I need further assistance.,complaint
Could you provide more information about the service interruptions we’ve experienced?,complaint
I’m feeling frustrated by the lack of clear documentation regarding the new features; it’s causing confusion.,complaint
I’d like to report an issue with the export function; it’s not working correctly as promised.,complaint
Could someone please assist me with my account settings? I’m not sure what changes were made.,complaint
I’m writing to express my frustration that my previous ticket was closed without my approval.,complaint
I’m quite confused about how to navigate the new interface; it’s not intuitive compared to the previous version.,complaint
Can you please check into my account? I believe there has been a mistake regarding the billing.,complaint
I’m feeling let down by the service quality lately; it doesn’t align with the expectations set during onboarding.,complaint
Could someone please help me with the setup process? I’m struggling to understand the new features.,complaint
I want to express my dissatisfaction with the recent update that caused more problems than it solved.,complaint
I’m quite frustrated by the lack of support during critical times; it seems we can’t rely on timely assistance.,complaint
"I’m having trouble accessing my account today, can you help?",other
I received an unexpected charge this month and I’m not sure why.,other
Could someone clarify how the new features work? I’m a bit confused.,other
"I appreciate your service, but the recent updates have made my workflows harder.",other
I noticed a bug in the reporting function; it’s not displaying the correct data.,other
Can you guide me on how to reset my password? I can’t seem to remember it.,other
I’ve been trying to integrate your software with my CRM but it’s not working.,other
"I love your product, but the recent performance issues are quite frustrating!",other
"I just found out that my subscription has expired, but I didn’t receive any reminders.",other
What are the steps to downgrade my account? I need something more basic.,other
"Your customer support has been great, but I would like more detailed documentation.",other
I’m really confused about the billing cycle; can you explain it again?,other
I’m frustrated that I can’t find the feature that was promised in your recent update.,other
I just want to know if there’s a way to recover deleted files from my account.,other
I sent a ticket last week and haven’t received a response; is everything okay?,other
Is there a way to get notifications via email for account activity?,other
I’m having issues with the mobile app; it keeps crashing on startup.,other
Could you let me know how to access the API? I can’t seem to find the documentation.,other
The new layout is hard to navigate; I preferred the old version.,other
I feel like I’m not getting the value I was promised when I signed up.,other
Why was my access revoked without any notice? This is quite troubling.,other
I’m trying to set up multi-factor authentication but I’m running into some issues.,other
I think there’s a misunderstanding about my subscription level; it’s not what I expected.,other
I’m really frustrated with the customer service wait times; it’s taking too long.,other
I’d like to provide some feedback on the new interface; it feels cluttered.,other
How can I retrieve my past invoices? I need them for my accounting.,other
I’m confused about the difference between the two plans; can someone clarify?,other
I’ve experienced several outages recently; can you provide any updates?,other
I wish there was a way to contact support via chat instead of email.,other
I’m disappointed that the feature I requested last year hasn’t been implemented yet.,other
Is there a mobile version of your platform? I can’t find any info on it.,other
"I really need to change my billing information, but the option is grayed out.",other
"I appreciate your quick responses, but the solutions haven’t solved my issues.",other
"Can I use my existing domain with your software, or do I need to buy a new one?",other
I’m having trouble syncing my calendar with your app; can someone assist?,other
I’d like to know what steps to take if I encounter a security issue.,other
Is there an estimated time for when the new features will be available?,other
Can someone explain how to customize my dashboard? I’m not sure where to start.,other
"I’m sorry, but I’m not satisfied with the resolution provided last time.",other
I’m a bit lost on how to set up user roles; the documentation isn’t clear.,other
Could you help me understand the data privacy measures in place?,other
"I’m experiencing a lot of lag with your software, especially during peak hours.",other
I’d appreciate clarification on your service level agreement; it’s a bit vague.,other
How do I export my data if I decide to leave your service?,other
I really need a way to schedule support calls; waiting for emails is inconvenient.,other
I’m confused about whether my plan includes support for multiple users.,other
Is there a way to change my username? I’d like something different.,other
I’m frustrated that the tutorial videos don’t cover the latest updates.,other
Can I get a refund for the last month's charge? I didn’t use the service.,other
I’m looking for help with setting up automated emails; I can’t find the option.,other
What’s the best way to track my usage without going over the limit?,other
I’ve noticed inconsistencies in the reporting data; can someone investigate?,other
Can you explain how billing cycles sync with my subscription?,other
I’m disappointed that there’s no way to contact support on weekends.,other
I need help on how to integrate with third-party applications; it’s not clear.,other
Can I get insights on feature requests that have been implemented?,other
I’m really confused about your refund policy; it doesn’t seem consistent.,other
Why am I seeing different prices when I log in to my account?,other
I wish there was a community forum where I could interact with other users.,other
How do I add additional users to my plan? My team is growing.,other
I’m having difficulty understanding the API documentation; can it be simplified?,other
Is there a limit on how many projects I can create with my current plan?,other
I’m really frustrated with the mobile app’s performance; it’s not user-friendly.,other
Could you provide more information on how to use custom fields?,other
I need assistance retrieving my password; the reset link isn’t working.,other
Can you help me with understanding the upgrade process?,other
I feel like my concerns are not being taken seriously; it’s frustrating.,other
The recent changes made to the interface are confusing; I don’t like it.,other
I’m looking for clarification on your trial period; what does it include?,other
I thought I signed up for a different plan; can you check my account?,other
I’m having issues with notifications; I’m not receiving them at all.,other
Can someone explain why my invoice is higher than expected this month?,other
I’m tired of waiting for a response to my ticket; it’s been too long.,other
I’d like to know if there are any discounts for annual subscriptions.,other
Is your software compatible with older operating systems? I’m having issues.,other
Can you assist me with setting up a demo for my team?,other
I’m really frustrated that I can’t find a phone number to call for support.,other
"I want to provide feedback, but I’m not sure how to submit it.",other
I’m confused about the different tiers of service; can you break them down?,other
I’d like more information on how to improve my security settings.,other
How do I get started with the analytics features? I’m a newbie.,other
I’m disappointed in the lack of response to my concerns about billing.,other
Can you help me understand the data retention policy? I have questions.,other
I need to cancel my subscription; can someone guide me through the process?,other
I’m experiencing delays when trying to save changes; it’s quite annoying.,other
I’d appreciate faster turnaround times for support requests; it’s a bit slow.,other
Can someone explain the benefits of switching to a higher plan?,other
I’m a bit confused about the onboarding process; can someone assist?,other
I’m frustrated with the lack of updates regarding my previous support ticket.,other
I’m having trouble accessing training materials; they seem to be missing.,other
How do I submit a feature request? I have a great idea!,other
Could someone help clarify the cancellation policy? I’m unsure.,other
"I appreciate the features, but I’m struggling with the setup process.",other
Can I change my payment method without affecting my subscription?,other
I’m feeling a bit lost regarding the different integrations available.,other
Why does it take so long to get a response for urgent inquiries?,other
I’m looking for ways to optimize my use of your product; any tips?,other
I’d like to speak with someone regarding my account; it’s urgent.,other
I’m frustrated that I can’t find the support documentation; it’s hard to navigate.,other
Can you tell me how to activate my trial version? I’m eager to start.,other
I’m confused about the limits on API calls; can you clarify?,other
Is there a possibility to extend my trial period? I need more time.,other
Can you check why my last payment didn’t go through? I’m concerned.,other
Could you provide updates on upcoming features? I’m really interested.,other
I’m feeling overwhelmed with the amount of information; can it be simplified?,other
Could I schedule a call with a support agent for more complex issues?,other
I’m not receiving the newsletter updates; can you check my subscription?,other
I’d like assistance with adjusting my account settings; I’m not sure how.,other
How can I escalate this issue? I need it resolved quickly.,other
I’m finding it hard to track my projects; is there a better way?,other
I’m disappointed with the lack of advanced features; I expected more.,other
Can someone help me with understanding the roadmap for the product?,other
I’m confused about the differences in customer support levels; can you explain?,other
I’d like to change my account email address; how do I do that?,other
Could I get assistance with linking my social media accounts?,other
I feel like my inquiries are not being prioritized; it’s quite frustrating.,other
Is there a tutorial for the new features? I’ve been having trouble finding them.,other
I need help with setting up alerts; it’s not working as expected.,other
Can someone explain the data backup options? I want to ensure my data is safe.,other
I’m looking for help integrating with my existing tools; it’s been challenging.,other
"I appreciate your help, but the solutions provided aren’t effective.",other
I’m disappointed that I haven’t received a follow-up on my recent issue.,other
I need assistance with the mobile app settings; it’s not intuitive.,other
I’m feeling a bit lost; can someone walk me through the setup process?,other
I’d like to know what happens to my data if I decide to cancel my account.,other
Can you clarify how to set up recurring payments? I’m not sure if it’s working.,other
I’m frustrated that important features seem to be missing; can you address this?,other
I’d appreciate if you could provide more clarity on data encryption practices.,other
I’m unsure about the renewal process; could you explain how it works?,other
Can you help me understand the best practices for using your software?,other
I’m disappointed with the lack of personalization options; it feels too generic.,other
